[
    {
        "model": "auth.user",
        "pk": 1,
        "fields": {
            "password": "pbkdf2_sha256$720000$uk5kB6v9tCzMoYycnNxY21$FvPJHG0Qbfo7jHaObFXmH4ktaUsD8FNEFkZMSr3gRfI=",
            "last_login": null,
            "is_superuser": true,
            "username": "admin",
            "first_name": "",
            "last_name": "",
            "email": "",
            "is_staff": true,
            "is_active": true,
            "date_joined": "2024-10-12T20:04:24.818Z",
            "groups": [],
            "user_permissions": []
        }
    },
    {
        "model": "dashboard.Patient",
        "fields": {
            "name": "Charlotte Williams",
            "date_of_birth": "2011-04-03"
        }
    },
    {
        "model": "dashboard.Patient",
        "fields": {
            "name": "Henry Jackson",
            "date_of_birth": "2015-12-21"
        }
    },
    {
        "model": "dashboard.Patient",
        "fields": {
            "name": "Mia Brown",
            "date_of_birth": "2009-06-13"
        }
    },
    {
        "model": "dashboard.Patient",
        "fields": {
            "name": "Henry Davis",
            "date_of_birth": "2013-05-18"
        }
    },
    {
        "model": "dashboard.Patient",
        "fields": {
            "name": "Ethan Davis",
            "date_of_birth": "2018-11-29"
        }
    },
    {
        "model": "dashboard.Patient",
        "fields": {
            "name": "Lucas Harris",
            "date_of_birth": "2016-03-11"
        }
    },
    {
        "model": "dashboard.Patient",
        "fields": {
            "name": "Charlotte White",
            "date_of_birth": "2015-12-22"
        }
    },
    {
        "model": "dashboard.Patient",
        "fields": {
            "name": "Charlotte Robinson",
            "date_of_birth": "2009-03-13"
        }
    },
    {
        "model": "dashboard.Patient",
        "fields": {
            "name": "Evelyn Taylor",
            "date_of_birth": "2009-08-07"
        }
    },
    {
        "model": "dashboard.Patient",
        "fields": {
            "name": "Mason Thompson",
            "date_of_birth": "2013-07-07"
        }
    },
    {
        "model": "dashboard.Patient",
        "fields": {
            "name": "Harper White",
            "date_of_birth": "2009-06-03"
        }
    },
    {
        "model": "dashboard.Patient",
        "fields": {
            "name": "Mia Anderson",
            "date_of_birth": "2016-09-02"
        }
    },
    {
        "model": "dashboard.Patient",
        "fields": {
            "name": "John Anderson",
            "date_of_birth": "2019-03-06"
        }
    },
    {
        "model": "dashboard.Patient",
        "fields": {
            "name": "Emma Brown",
            "date_of_birth": "2016-11-14"
        }
    },
    {
        "model": "dashboard.Patient",
        "fields": {
            "name": "James Garcia",
            "date_of_birth": "2015-12-20"
        }
    },
    {
        "model": "dashboard.Patient",
        "fields": {
            "name": "Elijah Thomas",
            "date_of_birth": "2012-06-27"
        }
    },
    {
        "model": "dashboard.Patient",
        "fields": {
            "name": "Lucas Davis",
            "date_of_birth": "2019-07-19"
        }
    },
    {
        "model": "dashboard.Patient",
        "fields": {
            "name": "Elijah Johnson",
            "date_of_birth": "2012-09-30"
        }
    },
    {
        "model": "dashboard.Patient",
        "fields": {
            "name": "Ava Jones",
            "date_of_birth": "2010-11-04"
        }
    },
    {
        "model": "dashboard.Patient",
        "fields": {
            "name": "Evelyn Thompson",
            "date_of_birth": "2017-05-03"
        }
    },
    {
        "model": "dashboard.Patient",
        "fields": {
            "name": "John Harris",
            "date_of_birth": "2015-09-27"
        }
    },
    {
        "model": "dashboard.Patient",
        "fields": {
            "name": "Olivia White",
            "date_of_birth": "2017-05-08"
        }
    },
    {
        "model": "dashboard.Patient",
        "fields": {
            "name": "Isabella White",
            "date_of_birth": "2012-09-01"
        }
    },
    {
        "model": "dashboard.Patient",
        "fields": {
            "name": "Henry Miller",
            "date_of_birth": "2018-04-09"
        }
    },
    {
        "model": "dashboard.Patient",
        "fields": {
            "name": "Olivia White",
            "date_of_birth": "2011-12-01"
        }
    },
    {
        "model": "dashboard.Patient",
        "fields": {
            "name": "Evelyn Harris",
            "date_of_birth": "2013-06-22"
        }
    },
    {
        "model": "dashboard.Patient",
        "fields": {
            "name": "Elijah Thomas",
            "date_of_birth": "2017-07-19"
        }
    },
    {
        "model": "dashboard.Patient",
        "fields": {
            "name": "Sophia Taylor",
            "date_of_birth": "2010-11-06"
        }
    },
    {
        "model": "dashboard.Patient",
        "fields": {
            "name": "Evelyn Garcia",
            "date_of_birth": "2017-01-15"
        }
    },
    {
        "model": "dashboard.Patient",
        "fields": {
            "name": "Alexander Anderson",
            "date_of_birth": "2015-02-11"
        }
    },
    {
        "model": "dashboard.Patient",
        "fields": {
            "name": "Alexander Martinez",
            "date_of_birth": "2010-04-23"
        }
    },
    {
        "model": "dashboard.Patient",
        "fields": {
            "name": "James Miller",
            "date_of_birth": "2014-11-15"
        }
    },
    {
        "model": "dashboard.Patient",
        "fields": {
            "name": "Isabella Martin",
            "date_of_birth": "2016-11-10"
        }
    },
    {
        "model": "dashboard.Patient",
        "fields": {
            "name": "Henry Taylor",
            "date_of_birth": "2008-11-13"
        }
    },
    {
        "model": "dashboard.Patient",
        "fields": {
            "name": "Amelia Garcia",
            "date_of_birth": "2010-04-09"
        }
    },
    {
        "model": "dashboard.Patient",
        "fields": {
            "name": "Harper Robinson",
            "date_of_birth": "2018-11-29"
        }
    },
    {
        "model": "dashboard.Patient",
        "fields": {
            "name": "Isabella Johnson",
            "date_of_birth": "2012-11-24"
        }
    },
    {
        "model": "dashboard.Patient",
        "fields": {
            "name": "Ethan Harris",
            "date_of_birth": "2012-11-12"
        }
    },
    {
        "model": "dashboard.Patient",
        "fields": {
            "name": "James Taylor",
            "date_of_birth": "2017-07-16"
        }
    },
    {
        "model": "dashboard.Patient",
        "fields": {
            "name": "Isabella Jackson",
            "date_of_birth": "2018-06-22"
        }
    },
    {
        "model": "dashboard.Patient",
        "fields": {
            "name": "John Smith",
            "date_of_birth": "2013-04-25"
        }
    },
    {
        "model": "dashboard.Patient",
        "fields": {
            "name": "Elijah Jones",
            "date_of_birth": "2019-09-10"
        }
    },
    {
        "model": "dashboard.Patient",
        "fields": {
            "name": "John Smith",
            "date_of_birth": "2012-04-24"
        }
    },
    {
        "model": "dashboard.Patient",
        "fields": {
            "name": "Ethan Jackson",
            "date_of_birth": "2017-01-31"
        }
    },
    {
        "model": "dashboard.Patient",
        "fields": {
            "name": "Lucas Martinez",
            "date_of_birth": "2018-02-13"
        }
    },
    {
        "model": "dashboard.Patient",
        "fields": {
            "name": "Sophia Brown",
            "date_of_birth": "2017-10-17"
        }
    },
    {
        "model": "dashboard.Patient",
        "fields": {
            "name": "Noah Thomas",
            "date_of_birth": "2010-03-18"
        }
    },
    {
        "model": "dashboard.Patient",
        "fields": {
            "name": "Isabella Robinson",
            "date_of_birth": "2009-02-24"
        }
    },
    {
        "model": "dashboard.Patient",
        "fields": {
            "name": "Henry Thompson",
            "date_of_birth": "2014-11-22"
        }
    },
    {
        "model": "dashboard.Patient",
        "fields": {
            "name": "Evelyn Miller",
            "date_of_birth": "2011-06-11"
        }
    },
    {
        "model": "dashboard.Patient",
        "fields": {
            "name": "Lucas Anderson",
            "date_of_birth": "2009-10-25"
        }
    },
    {
        "model": "dashboard.Patient",
        "fields": {
            "name": "Mason Martin",
            "date_of_birth": "2016-12-03"
        }
    },
    {
        "model": "dashboard.Patient",
        "fields": {
            "name": "John Martinez",
            "date_of_birth": "2009-03-10"
        }
    },
    {
        "model": "dashboard.Patient",
        "fields": {
            "name": "Elijah Anderson",
            "date_of_birth": "2016-07-22"
        }
    },
    {
        "model": "dashboard.Patient",
        "fields": {
            "name": "Liam Taylor",
            "date_of_birth": "2013-08-13"
        }
    },
    {
        "model": "dashboard.Patient",
        "fields": {
            "name": "Noah Thomas",
            "date_of_birth": "2015-08-10"
        }
    },
    {
        "model": "dashboard.Patient",
        "fields": {
            "name": "Elijah White",
            "date_of_birth": "2016-04-09"
        }
    },
    {
        "model": "dashboard.Patient",
        "fields": {
            "name": "Liam Brown",
            "date_of_birth": "2011-12-10"
        }
    },
    {
        "model": "dashboard.Patient",
        "fields": {
            "name": "Amelia Johnson",
            "date_of_birth": "2012-11-22"
        }
    },
    {
        "model": "dashboard.Patient",
        "fields": {
            "name": "Henry Brown",
            "date_of_birth": "2013-07-20"
        }
    },
    {
        "model": "dashboard.Patient",
        "fields": {
            "name": "Elijah Robinson",
            "date_of_birth": "2012-01-31"
        }
    },
    {
        "model": "dashboard.Patient",
        "fields": {
            "name": "James Moore",
            "date_of_birth": "2011-12-02"
        }
    },
    {
        "model": "dashboard.Patient",
        "fields": {
            "name": "Elijah Johnson",
            "date_of_birth": "2009-11-15"
        }
    },
    {
        "model": "dashboard.Patient",
        "fields": {
            "name": "Mason Jones",
            "date_of_birth": "2013-01-24"
        }
    },
    {
        "model": "dashboard.Patient",
        "fields": {
            "name": "John Brown",
            "date_of_birth": "2013-07-06"
        }
    },
    {
        "model": "dashboard.Patient",
        "fields": {
            "name": "Elijah White",
            "date_of_birth": "2012-09-17"
        }
    },
    {
        "model": "dashboard.Patient",
        "fields": {
            "name": "James Wilson",
            "date_of_birth": "2015-04-21"
        }
    },
    {
        "model": "dashboard.Patient",
        "fields": {
            "name": "Elijah Thompson",
            "date_of_birth": "2009-03-13"
        }
    },
    {
        "model": "dashboard.Patient",
        "fields": {
            "name": "Isabella Robinson",
            "date_of_birth": "2013-05-18"
        }
    },
    {
        "model": "dashboard.Patient",
        "fields": {
            "name": "Ava Martin",
            "date_of_birth": "2009-08-07"
        }
    },
    {
        "model": "dashboard.Patient",
        "fields": {
            "name": "Lucas Garcia",
            "date_of_birth": "2016-12-13"
        }
    },
    {
        "model": "dashboard.Patient",
        "fields": {
            "name": "Noah Davis",
            "date_of_birth": "2016-02-06"
        }
    },
    {
        "model": "dashboard.Patient",
        "fields": {
            "name": "Emma Wilson",
            "date_of_birth": "2013-05-10"
        }
    },
    {
        "model": "dashboard.Patient",
        "fields": {
            "name": "Evelyn Jackson",
            "date_of_birth": "2015-04-03"
        }
    },
    {
        "model": "dashboard.Patient",
        "fields": {
            "name": "Amelia Wilson",
            "date_of_birth": "2018-02-15"
        }
    },
    {
        "model": "dashboard.Patient",
        "fields": {
            "name": "Lucas Taylor",
            "date_of_birth": "2018-10-18"
        }
    },
    {
        "model": "dashboard.Patient",
        "fields": {
            "name": "Amelia Jones",
            "date_of_birth": "2011-06-04"
        }
    },
    {
        "model": "dashboard.Patient",
        "fields": {
            "name": "Lucas Wilson",
            "date_of_birth": "2017-11-12"
        }
    },
    {
        "model": "dashboard.Patient",
        "fields": {
            "name": "Noah White",
            "date_of_birth": "2015-10-24"
        }
    },
    {
        "model": "dashboard.Patient",
        "fields": {
            "name": "Amelia Davis",
            "date_of_birth": "2017-02-22"
        }
    },
    {
        "model": "dashboard.Patient",
        "fields": {
            "name": "James Miller",
            "date_of_birth": "2009-04-27"
        }
    },
    {
        "model": "dashboard.Patient",
        "fields": {
            "name": "Harper Moore",
            "date_of_birth": "2019-04-21"
        }
    },
    {
        "model": "dashboard.Patient",
        "fields": {
            "name": "Lucas Wilson",
            "date_of_birth": "2010-08-31"
        }
    },
    {
        "model": "dashboard.Patient",
        "fields": {
            "name": "Liam Jones",
            "date_of_birth": "2016-04-10"
        }
    },
    {
        "model": "dashboard.Patient",
        "fields": {
            "name": "Emma Jackson",
            "date_of_birth": "2016-01-05"
        }
    },
    {
        "model": "dashboard.Patient",
        "fields": {
            "name": "Charlotte Harris",
            "date_of_birth": "2015-11-15"
        }
    },
    {
        "model": "dashboard.Patient",
        "fields": {
            "name": "Ava Garcia",
            "date_of_birth": "2018-08-26"
        }
    },
    {
        "model": "dashboard.Patient",
        "fields": {
            "name": "Mia Moore",
            "date_of_birth": "2017-01-30"
        }
    },
    {
        "model": "dashboard.Patient",
        "fields": {
            "name": "Noah Smith",
            "date_of_birth": "2011-04-24"
        }
    },
    {
        "model": "dashboard.Patient",
        "fields": {
            "name": "Olivia Anderson",
            "date_of_birth": "2018-07-31"
        }
    },
    {
        "model": "dashboard.Patient",
        "fields": {
            "name": "Liam Anderson",
            "date_of_birth": "2017-01-24"
        }
    },
    {
        "model": "dashboard.Patient",
        "fields": {
            "name": "Ava Brown",
            "date_of_birth": "2017-03-10"
        }
    },
    {
        "model": "dashboard.Patient",
        "fields": {
            "name": "Charlotte Miller",
            "date_of_birth": "2014-07-16"
        }
    },
    {
        "model": "dashboard.Patient",
        "fields": {
            "name": "Isabella Miller",
            "date_of_birth": "2009-03-23"
        }
    },
    {
        "model": "dashboard.Patient",
        "fields": {
            "name": "Ava Anderson",
            "date_of_birth": "2011-02-23"
        }
    },
    {
        "model": "dashboard.Patient",
        "fields": {
            "name": "Sophia Johnson",
            "date_of_birth": "2019-03-21"
        }
    },
    {
        "model": "dashboard.Patient",
        "fields": {
            "name": "Alexander Anderson",
            "date_of_birth": "2013-07-23"
        }
    },
    {
        "model": "dashboard.Patient",
        "fields": {
            "name": "Ethan Jackson",
            "date_of_birth": "2012-02-15"
        }
    },
    {
        "model": "dashboard.Patient",
        "fields": {
            "name": "Lucas Jones",
            "date_of_birth": "2014-04-19"
        }
    },
    {
        "model": "dashboard.Patient",
        "fields": {
            "name": "Ava Martin",
            "date_of_birth": "2018-01-22"
        }
    },
    {
        "model": "dashboard.pathwaytype",
        "pk": 1,
        "fields": {
            "pathway_type": "Mental Health"
        }
    },
    {
        "model": "dashboard.pathwaytype",
        "pk": 2,
        "fields": {
            "pathway_type": "Neurodiversity"
        }
    },
    {
        "model": "dashboard.clinician",
        "pk": 1,
        "fields": {
            "name": "Maya Chen",
            "pathway_type": [
                1
            ]
        }
    },
    {
        "model": "dashboard.clinician",
        "pk": 2,
        "fields": {
            "name": "Dae Khan",
            "pathway_type": [
                2
            ]
        }
    },
    {
        "model": "dashboard.clinician",
        "pk": 3,
        "fields": {
            "name": "Ravi Chen",
            "pathway_type": [
                1,
                2
            ]
        }
    },
    {
        "model": "dashboard.clinician",
        "pk": 4,
        "fields": {
            "name": "Yara Ali",
            "pathway_type": [
                1
            ]
        }
    },
    {
        "model": "dashboard.clinician",
        "pk": 5,
        "fields": {
            "name": "Tariq Fernandez",
            "pathway_type": [
                2
            ]
        }
    },
    {
        "model": "dashboard.clinician",
        "pk": 6,
        "fields": {
            "name": "Joe Brown",
            "pathway_type": [
                1,
                2
            ]
        }
    },
    {
        "model": "dashboard.clinician",
        "pk": 7,
        "fields": {
            "name": "Jamal Morales",
            "pathway_type": [
                1
            ]
        }
    },
    {
        "model": "dashboard.clinician",
        "pk": 8,
        "fields": {
            "name": "Rajesh Vasquez",
            "pathway_type": [
                2
            ]
        }
    },
    {
        "model": "dashboard.clinician",
        "pk": 9,
        "fields": {
            "name": "Diego Garcia",
            "pathway_type": [
                1,
                2
            ]
        }
    },
    {
        "model": "dashboard.clinician",
        "pk": 10,
        "fields": {
            "name": "Carlos Moreno",
            "pathway_type": [
                1
            ]
        }
    },
    {
        "model": "dashboard.clinician",
        "pk": 11,
        "fields": {
            "name": "Ravi Khan",
            "pathway_type": [
                2
            ]
        }
    },
    {
        "model": "dashboard.clinician",
        "pk": 12,
        "fields": {
            "name": "Giovanni Martinez",
            "pathway_type": [
                1,
                2
            ]
        }
    },
    {
        "model": "dashboard.clinician",
        "pk": 13,
        "fields": {
            "name": "Sophia Moreno",
            "pathway_type": [
                1
            ]
        }
    },
    {
        "model": "dashboard.clinician",
        "pk": 14,
        "fields": {
            "name": "Dae Dimitrov",
            "pathway_type": [
                2
            ]
        }
    },
    {
        "model": "dashboard.clinician",
        "pk": 15,
        "fields": {
            "name": "Diego Hassan",
            "pathway_type": [
                1,
                2
            ]
        }
    },
    {
        "model": "dashboard.clinician",
        "pk": 16,
        "fields": {
            "name": "Giovanni Ivanov",
            "pathway_type": [
                1
            ]
        }
    },
    {
        "model": "dashboard.clinician",
        "pk": 17,
        "fields": {
            "name": "Ananya Singh",
            "pathway_type": [
                2
            ]
        }
    },
    {
        "model": "dashboard.clinician",
        "pk": 18,
        "fields": {
            "name": "Chen Vasquez",
            "pathway_type": [
                1,
                2
            ]
        }
    },
    {
        "model": "dashboard.clinician",
        "pk": 19,
        "fields": {
            "name": "Hassan Nguyen",
            "pathway_type": [
                1
            ]
        }
    },
    {
        "model": "dashboard.clinician",
        "pk": 20,
        "fields": {
            "name": "Dae Gonzalez",
            "pathway_type": [
                2
            ]
        }
    },
    {
        "model": "dashboard.clinician",
        "pk": 21,
        "fields": {
            "name": "Nina Hassan",
            "pathway_type": [
                1,
                2
            ]
        }
    },
    {
        "model": "dashboard.clinician",
        "pk": 22,
        "fields": {
            "name": "Dae Ocampo",
            "pathway_type": [
                1
            ]
        }
    },
    {
        "model": "dashboard.clinician",
        "pk": 23,
        "fields": {
            "name": "Mohammed Ahmed",
            "pathway_type": [
                2
            ]
        }
    },
    {
        "model": "dashboard.clinician",
        "pk": 24,
        "fields": {
            "name": "Santiago Nguyen",
            "pathway_type": [
                1,
                2
            ]
        }
    },
    {
        "model": "dashboard.clinician",
        "pk": 25,
        "fields": {
            "name": "Tariq Patel",
            "pathway_type": [
                1
            ]
        }
    },
    {
        "model": "dashboard.clinician",
        "pk": 26,
        "fields": {
            "name": "Mohammed Nguyen",
            "pathway_type": [
                2
            ]
        }
    },
    {
        "model": "dashboard.clinician",
        "pk": 27,
        "fields": {
            "name": "Chen Hassan",
            "pathway_type": [
                1,
                2
            ]
        }
    },
    {
        "model": "dashboard.clinician",
        "pk": 28,
        "fields": {
            "name": "Rajesh Ramos",
            "pathway_type": [
                1
            ]
        }
    },
    {
        "model": "dashboard.clinician",
        "pk": 29,
        "fields": {
            "name": "Jamal Singh",
            "pathway_type": [
                2
            ]
        }
    },
    {
        "model": "dashboard.clinician",
        "pk": 30,
        "fields": {
            "name": "Hassan Morales",
            "pathway_type": [
                1,
                2
            ]
        }
    },
    {
        "model": "dashboard.clinician",
        "pk": 31,
        "fields": {
            "name": "Nina Alvarez",
            "pathway_type": [
                1
            ]
        }
    },
    {
        "model": "dashboard.clinician",
        "pk": 32,
        "fields": {
            "name": "Lian Vasquez",
            "pathway_type": [
                2
            ]
        }
    },
    {
        "model": "dashboard.clinician",
        "pk": 33,
        "fields": {
            "name": "Lakshmi Ivanov",
            "pathway_type": [
                1,
                2
            ]
        }
    },
    {
        "model": "dashboard.clinician",
        "pk": 34,
        "fields": {
            "name": "Giovanni Nguyen",
            "pathway_type": [
                1
            ]
        }
    },
    {
        "model": "dashboard.clinician",
        "pk": 35,
        "fields": {
            "name": "Sakura Sato",
            "pathway_type": [
                2
            ]
        }
    },
    {
        "model": "dashboard.clinician",
        "pk": 36,
        "fields": {
            "name": "Keiko Ocampo",
            "pathway_type": [
                1,
                2
            ]
        }
    },
    {
        "model": "dashboard.clinician",
        "pk": 37,
        "fields": {
            "name": "Tatiana Ahmed",
            "pathway_type": [
                1
            ]
        }
    },
    {
        "model": "dashboard.clinician",
        "pk": 37,
        "fields": {
            "name": "Yara Ivanov",
            "pathway_type": [
                2
            ]
        }
    },
    {
        "model": "dashboard.clinician",
        "pk": 38,
        "fields": {
            "name": "Fred Armisten",
            "pathway_type": [
                1,
                2
            ]
        }
    },
    {
        "model": "dashboard.clinician",
        "pk": 39,
        "fields": {
            "name": "Amara Chen",
            "pathway_type": [
                1,
                2
            ]
        }
    },
    {
        "model": "dashboard.clinician",
        "pk": 40,
        "fields": {
            "name": "Sophie Davidson",
            "pathway_type": [
                1,
                2
            ]
        }
    },
    {
        "model": "dashboard.pathway",
        "pk": 1,
        "fields": {
            "patient": 1,
            "referral_date": "2020-02-01",
            "triage_date": "2020-03-06",
            "pathway_type": 2,
            "urgent": 1,
            "first_contact_date": "2020-03-17",
            "clinician": 32
        }
    },
    {
        "model": "dashboard.pathway",
        "pk": 2,
        "fields": {
            "patient": 2,
            "referral_date": "2020-02-18",
            "triage_date": "2020-03-19",
            "pathway_type": 1,
            "urgent": 0,
            "first_contact_date": "2021-01-20",
            "clinician": 28
        }
    },
    {
        "model": "dashboard.pathway",
        "pk": 3,
        "fields": {
            "patient": 3,
            "referral_date": "2020-03-06",
            "triage_date": "2020-03-29",
            "pathway_type": 1,
            "urgent": 0,
            "first_contact_date": "2020-10-03",
            "clinician": 19
        }
    },
    {
        "model": "dashboard.pathway",
        "pk": 4,
        "fields": {
            "patient": 4,
            "referral_date": "2020-03-23",
            "triage_date": "2020-04-14",
            "pathway_type": 1,
            "urgent": 0,
            "first_contact_date": "2020-08-21",
            "clinician": 16
        }
    },
    {
        "model": "dashboard.pathway",
        "pk": 5,
        "fields": {
            "patient": 5,
            "referral_date": "2020-04-09",
            "triage_date": "2020-05-05",
            "pathway_type": 1,
            "urgent": 0,
            "first_contact_date": "2020-07-04",
            "clinician": 16
        }
    },
    {
        "model": "dashboard.pathway",
        "pk": 6,
        "fields": {
            "patient": 6,
            "referral_date": "2020-04-26",
            "triage_date": "2020-05-30",
            "pathway_type": 2,
            "urgent": 0,
            "first_contact_date": "2020-11-29",
            "clinician": 22
        }
    },
    {
        "model": "dashboard.pathway",
        "pk": 7,
        "fields": {
            "patient": 7,
            "referral_date": "2020-05-13",
            "triage_date": "2020-06-06",
            "pathway_type": 2,
            "urgent": 0,
            "first_contact_date": "2021-01-25",
            "clinician": 39
        }
    },
    {
        "model": "dashboard.pathway",
        "pk": 8,
        "fields": {
            "patient": 8,
            "referral_date": "2020-05-30",
            "triage_date": "2020-06-28",
            "pathway_type": 2,
            "urgent": 0,
            "first_contact_date": "2021-03-16",
            "clinician": 15
        }
    },
    {
        "model": "dashboard.pathway",
        "pk": 9,
        "fields": {
            "patient": 9,
            "referral_date": "2020-06-16",
            "triage_date": "2020-07-10",
            "pathway_type": 1,
            "urgent": 0,
            "first_contact_date": "2021-10-05",
            "clinician": 1
        }
    },
    {
        "model": "dashboard.pathway",
        "pk": 10,
        "fields": {
            "patient": 10,
            "referral_date": "2020-07-03",
            "triage_date": "2020-08-03",
            "pathway_type": 2,
            "urgent": 0,
            "first_contact_date": "2020-10-02",
            "clinician": 24
        }
    },
    {
        "model": "dashboard.pathway",
        "pk": 11,
        "fields": {
            "patient": 11,
            "referral_date": "2020-07-20",
            "triage_date": "2020-08-18",
            "pathway_type": 2,
            "urgent": 0,
            "first_contact_date": "2021-10-31",
            "clinician": 16
        }
    },
    {
        "model": "dashboard.pathway",
        "pk": 12,
        "fields": {
            "patient": 12,
            "referral_date": "2020-08-06",
            "triage_date": "2020-09-02",
            "pathway_type": 1,
            "urgent": 0,
            "first_contact_date": "2021-03-23",
            "clinician": 22
        }
    },
    {
        "model": "dashboard.pathway",
        "pk": 13,
        "fields": {
            "patient": 13,
            "referral_date": "2020-08-23",
            "triage_date": "2020-09-22",
            "pathway_type": 2,
            "urgent": 0,
            "first_contact_date": "2021-05-29",
            "clinician": 6
        }
    },
    {
        "model": "dashboard.pathway",
        "pk": 14,
        "fields": {
            "patient": 14,
            "referral_date": "2020-09-09",
            "triage_date": "2020-09-29",
            "pathway_type": 2,
            "urgent": 0,
            "first_contact_date": "2020-11-28",
            "clinician": 21
        }
    },
    {
        "model": "dashboard.pathway",
        "pk": 15,
        "fields": {
            "patient": 15,
            "referral_date": "2020-09-26",
            "triage_date": "2020-10-23",
            "pathway_type": 2,
            "urgent": 0,
            "first_contact_date": "2021-10-21",
            "clinician": 5
        }
    },
    {
        "model": "dashboard.pathway",
        "pk": 16,
        "fields": {
            "patient": 16,
            "referral_date": "2020-10-13",
            "triage_date": "2020-11-07",
            "pathway_type": 2,
            "urgent": 1,
            "first_contact_date": "2020-11-17",
            "clinician": 14
        }
    },
    {
        "model": "dashboard.pathway",
        "pk": 17,
        "fields": {
            "patient": 17,
            "referral_date": "2020-10-30",
            "triage_date": "2020-11-24",
            "pathway_type": 1,
            "urgent": 0,
            "first_contact_date": "2021-06-25",
            "clinician": 38
        }
    },
    {
        "model": "dashboard.pathway",
        "pk": 18,
        "fields": {
            "patient": 18,
            "referral_date": "2020-11-16",
            "triage_date": "2020-12-14",
            "pathway_type": 2,
            "urgent": 0,
            "first_contact_date": "2021-06-20",
            "clinician": 39
        }
    },
    {
        "model": "dashboard.pathway",
        "pk": 19,
        "fields": {
            "patient": 19,
            "referral_date": "2020-12-03",
            "triage_date": "2021-01-02",
            "pathway_type": 2,
            "urgent": 1,
            "first_contact_date": "2021-02-10",
            "clinician": 39
        }
    },
    {
        "model": "dashboard.pathway",
        "pk": 20,
        "fields": {
            "patient": 20,
            "referral_date": "2020-12-20",
            "triage_date": "2021-01-14",
            "pathway_type": 1,
            "urgent": 0,
            "first_contact_date": "2021-06-10",
            "clinician": 24
        }
    },
    {
        "model": "dashboard.pathway",
        "pk": 21,
        "fields": {
            "patient": 21,
            "referral_date": "2021-01-06",
            "triage_date": "2021-02-04",
            "pathway_type": 2,
            "urgent": 1,
            "first_contact_date": "2021-03-30",
            "clinician": 12
        }
    },
    {
        "model": "dashboard.pathway",
        "pk": 22,
        "fields": {
            "patient": 22,
            "referral_date": "2021-01-23",
            "triage_date": "2021-02-15",
            "pathway_type": 1,
            "urgent": 0,
            "first_contact_date": "2021-12-31",
            "clinician": 26
        }
    },
    {
        "model": "dashboard.pathway",
        "pk": 23,
        "fields": {
            "patient": 23,
            "referral_date": "2021-02-09",
            "triage_date": "2021-03-07",
            "pathway_type": 2,
            "urgent": 0,
            "first_contact_date": "2022-02-20",
            "clinician": 13
        }
    },
    {
        "model": "dashboard.pathway",
        "pk": 24,
        "fields": {
            "patient": 24,
            "referral_date": "2021-02-26",
            "triage_date": "2021-03-28",
            "pathway_type": 2,
            "urgent": 0,
            "first_contact_date": "2022-02-08",
            "clinician": 5
        }
    },
    {
        "model": "dashboard.pathway",
        "pk": 25,
        "fields": {
            "patient": 25,
            "referral_date": "2021-03-15",
            "triage_date": "2021-04-05",
            "pathway_type": 2,
            "urgent": 0,
            "first_contact_date": "2021-06-04",
            "clinician": 17
        }
    },
    {
        "model": "dashboard.pathway",
        "pk": 26,
        "fields": {
            "patient": 26,
            "referral_date": "2021-04-01",
            "triage_date": "2021-05-04",
            "pathway_type": 1,
            "urgent": 0,
            "first_contact_date": "2021-09-01",
            "clinician": 37
        }
    },
    {
        "model": "dashboard.pathway",
        "pk": 27,
        "fields": {
            "patient": 27,
            "referral_date": "2021-04-18",
            "triage_date": "2021-05-13",
            "pathway_type": 2,
            "urgent": 0,
            "first_contact_date": "2021-11-03",
            "clinician": 28
        }
    },
    {
        "model": "dashboard.pathway",
        "pk": 28,
        "fields": {
            "patient": 28,
            "referral_date": "2021-05-05",
            "triage_date": "2021-05-29",
            "pathway_type": 2,
            "urgent": 0,
            "first_contact_date": "2021-09-29",
            "clinician": 21
        }
    },
    {
        "model": "dashboard.pathway",
        "pk": 29,
        "fields": {
            "patient": 29,
            "referral_date": "2021-05-22",
            "triage_date": "2021-06-13",
            "pathway_type": 2,
            "urgent": 0,
            "first_contact_date": "2021-09-16",
            "clinician": 37
        }
    },
    {
        "model": "dashboard.pathway",
        "pk": 30,
        "fields": {
            "patient": 30,
            "referral_date": "2021-06-08",
            "triage_date": "2021-07-04",
            "pathway_type": 1,
            "urgent": 0,
            "first_contact_date": "2022-05-22",
            "clinician": 11
        }
    },
    {
        "model": "dashboard.pathway",
        "pk": 31,
        "fields": {
            "patient": 31,
            "referral_date": "2021-06-25",
            "triage_date": "2021-07-21",
            "pathway_type": 1,
            "urgent": 1,
            "first_contact_date": "2021-08-17",
            "clinician": 10
        }
    },
    {
        "model": "dashboard.pathway",
        "pk": 32,
        "fields": {
            "patient": 32,
            "referral_date": "2021-07-12",
            "triage_date": "2021-08-08",
            "pathway_type": 2,
            "urgent": 0,
            "first_contact_date": "2022-02-14",
            "clinician": 18
        }
    },
    {
        "model": "dashboard.pathway",
        "pk": 33,
        "fields": {
            "patient": 33,
            "referral_date": "2021-07-29",
            "triage_date": "2021-08-28",
            "pathway_type": 2,
            "urgent": 0,
            "first_contact_date": "2021-12-08",
            "clinician": 5
        }
    },
    {
        "model": "dashboard.pathway",
        "pk": 34,
        "fields": {
            "patient": 34,
            "referral_date": "2021-08-15",
            "triage_date": "2021-09-15",
            "pathway_type": 1,
            "urgent": 0,
            "first_contact_date": "2022-03-24",
            "clinician": 9
        }
    },
    {
        "model": "dashboard.pathway",
        "pk": 35,
        "fields": {
            "patient": 35,
            "referral_date": "2021-09-01",
            "triage_date": "2021-09-21",
            "pathway_type": 2,
            "urgent": 1,
            "first_contact_date": "2021-10-01",
            "clinician": 15
        }
    },
    {
        "model": "dashboard.pathway",
        "pk": 36,
        "fields": {
            "patient": 36,
            "referral_date": "2021-09-18",
            "triage_date": "2021-10-08",
            "pathway_type": 1,
            "urgent": 0,
            "first_contact_date": "2022-09-11",
            "clinician": 13
        }
    },
    {
        "model": "dashboard.pathway",
        "pk": 37,
        "fields": {
            "patient": 37,
            "referral_date": "2021-10-05",
            "triage_date": "2021-11-04",
            "pathway_type": 1,
            "urgent": 0,
            "first_contact_date": "2022-05-01",
            "clinician": 39
        }
    },
    {
        "model": "dashboard.pathway",
        "pk": 38,
        "fields": {
            "patient": 38,
            "referral_date": "2021-10-22",
            "triage_date": "2021-11-13",
            "pathway_type": 1,
            "urgent": 0,
            "first_contact_date": "2022-05-12",
            "clinician": 23
        }
    },
    {
        "model": "dashboard.pathway",
        "pk": 39,
        "fields": {
            "patient": 39,
            "referral_date": "2021-11-08",
            "triage_date": "2021-12-02",
            "pathway_type": 1,
            "urgent": 0,
            "first_contact_date": "2022-07-05",
            "clinician": 3
        }
    },
    {
        "model": "dashboard.pathway",
        "pk": 40,
        "fields": {
            "patient": 40,
            "referral_date": "2021-11-25",
            "triage_date": "2021-12-22",
            "pathway_type": 2,
            "urgent": 0,
            "first_contact_date": "2023-04-07",
            "clinician": 21
        }
    },
    {
        "model": "dashboard.pathway",
        "pk": 41,
        "fields": {
            "patient": 41,
            "referral_date": "2021-12-12",
            "triage_date": "2022-01-04",
            "pathway_type": 1,
            "urgent": 0,
            "first_contact_date": "2022-10-30",
            "clinician": 8
        }
    },
    {
        "model": "dashboard.pathway",
        "pk": 42,
        "fields": {
            "patient": 42,
            "referral_date": "2021-12-29",
            "triage_date": "2022-01-30",
            "pathway_type": 1,
            "urgent": 0,
            "first_contact_date": "2022-08-23",
            "clinician": 33
        }
    },
    {
        "model": "dashboard.pathway",
        "pk": 43,
        "fields": {
            "patient": 43,
            "referral_date": "2022-01-15",
            "triage_date": "2022-02-15",
            "pathway_type": 1,
            "urgent": 1,
            "first_contact_date": "2022-02-25",
            "clinician": 38
        }
    },
    {
        "model": "dashboard.pathway",
        "pk": 44,
        "fields": {
            "patient": 44,
            "referral_date": "2022-02-01",
            "triage_date": "2022-03-02",
            "pathway_type": 1,
            "urgent": 0,
            "first_contact_date": "2022-08-20",
            "clinician": 24
        }
    },
    {
        "model": "dashboard.pathway",
        "pk": 45,
        "fields": {
            "patient": 45,
            "referral_date": "2022-02-18",
            "triage_date": "2022-03-18",
            "pathway_type": 2,
            "urgent": 0,
            "first_contact_date": "2022-05-17",
            "clinician": 4
        }
    },
    {
        "model": "dashboard.pathway",
        "pk": 46,
        "fields": {
            "patient": 46,
            "referral_date": "2022-03-07",
            "triage_date": "2022-03-31",
            "pathway_type": 1,
            "urgent": 0,
            "first_contact_date": "2022-09-04",
            "clinician": 7
        }
    },
    {
        "model": "dashboard.pathway",
        "pk": 47,
        "fields": {
            "patient": 47,
            "referral_date": "2022-03-24",
            "triage_date": "2022-04-14",
            "pathway_type": 1,
            "urgent": 0,
            "first_contact_date": "2023-11-05",
            "clinician": 34
        }
    },
    {
        "model": "dashboard.pathway",
        "pk": 48,
        "fields": {
            "patient": 48,
            "referral_date": "2022-04-10",
            "triage_date": "2022-05-03",
            "pathway_type": 2,
            "urgent": 0,
            "first_contact_date": "2023-02-23",
            "clinician": 29
        }
    },
    {
        "model": "dashboard.pathway",
        "pk": 49,
        "fields": {
            "patient": 49,
            "referral_date": "2022-04-27",
            "triage_date": "2022-05-27",
            "pathway_type": 2,
            "urgent": 1,
            "first_contact_date": "2022-06-24",
            "clinician": 32
        }
    },
    {
        "model": "dashboard.pathway",
        "pk": 50,
        "fields": {
            "patient": 50,
            "referral_date": "2022-05-14",
            "triage_date": "2022-06-12",
            "pathway_type": 2,
            "urgent": 0,
            "first_contact_date": "2023-03-29",
            "clinician": 19
        }
    },
    {
        "model": "dashboard.pathway",
        "pk": 51,
        "fields": {
            "patient": 51,
            "referral_date": "2022-05-31",
            "triage_date": "2022-06-30",
            "pathway_type": 1,
            "urgent": 0,
            "first_contact_date": "2022-09-30",
            "clinician": 11
        }
    },
    {
        "model": "dashboard.pathway",
        "pk": 52,
        "fields": {
            "patient": 52,
            "referral_date": "2022-06-17",
            "triage_date": "2022-07-13",
            "pathway_type": 2,
            "urgent": 1,
            "first_contact_date": "2022-07-23",
            "clinician": 23
        }
    },
    {
        "model": "dashboard.pathway",
        "pk": 53,
        "fields": {
            "patient": 53,
            "referral_date": "2022-07-04",
            "triage_date": "2022-07-28",
            "pathway_type": 2,
            "urgent": 0,
            "first_contact_date": "2022-11-10",
            "clinician": 21
        }
    },
    {
        "model": "dashboard.pathway",
        "pk": 54,
        "fields": {
            "patient": 54,
            "referral_date": "2022-07-21",
            "triage_date": "2022-08-10",
            "pathway_type": 2,
            "urgent": 1,
            "first_contact_date": "2022-08-20",
            "clinician": 25
        }
    },
    {
        "model": "dashboard.pathway",
        "pk": 55,
        "fields": {
            "patient": 55,
            "referral_date": "2022-08-07",
            "triage_date": "2022-09-03",
            "pathway_type": 2,
            "urgent": 0,
            "first_contact_date": "2023-06-10",
            "clinician": 33
        }
    },
    {
        "model": "dashboard.pathway",
        "pk": 56,
        "fields": {
            "patient": 56,
            "referral_date": "2022-08-24",
            "triage_date": "2022-09-16",
            "pathway_type": 1,
            "urgent": 1,
            "first_contact_date": "2022-09-29",
            "clinician": 30
        }
    },
    {
        "model": "dashboard.pathway",
        "pk": 57,
        "fields": {
            "patient": 57,
            "referral_date": "2022-09-10",
            "triage_date": "2022-10-15",
            "pathway_type": 2,
            "urgent": 0,
            "first_contact_date": "2022-12-14",
            "clinician": 23
        }
    },
    {
        "model": "dashboard.pathway",
        "pk": 58,
        "fields": {
            "patient": 58,
            "referral_date": "2022-09-27",
            "triage_date": "2022-10-24",
            "pathway_type": 2,
            "urgent": 0,
            "first_contact_date": "2023-08-22",
            "clinician": 25
        }
    },
    {
        "model": "dashboard.pathway",
        "pk": 59,
        "fields": {
            "patient": 59,
            "referral_date": "2022-10-14",
            "triage_date": "2022-11-10",
            "pathway_type": 2,
            "urgent": 0,
            "first_contact_date": "2023-01-09",
            "clinician": 25
        }
    },
    {
        "model": "dashboard.pathway",
        "pk": 60,
        "fields": {
            "patient": 60,
            "referral_date": "2022-10-31",
            "triage_date": "2022-11-20",
            "pathway_type": 1,
            "urgent": 0,
            "first_contact_date": "2023-07-16",
            "clinician": 17
        }
    },
    {
        "model": "dashboard.pathway",
        "pk": 61,
        "fields": {
            "patient": 61,
            "referral_date": "2022-11-17",
            "triage_date": "2022-12-08",
            "pathway_type": 2,
            "urgent": 1,
            "first_contact_date": "2023-03-08",
            "clinician": 6
        }
    },
    {
        "model": "dashboard.pathway",
        "pk": 62,
        "fields": {
            "patient": 62,
            "referral_date": "2022-12-04",
            "triage_date": "2023-01-01",
            "pathway_type": 2,
            "urgent": 0,
            "first_contact_date": "2023-07-14",
            "clinician": 21
        }
    },
    {
        "model": "dashboard.pathway",
        "pk": 63,
        "fields": {
            "patient": 63,
            "referral_date": "2022-12-21",
            "triage_date": "2023-01-11",
            "pathway_type": 1,
            "urgent": 0,
            "first_contact_date": "2024-01-28",
            "clinician": 36
        }
    },
    {
        "model": "dashboard.pathway",
        "pk": 64,
        "fields": {
            "patient": 64,
            "referral_date": "2023-01-07",
            "triage_date": "2023-01-31",
            "pathway_type": 1,
            "urgent": 0,
            "first_contact_date": "2024-02-16",
            "clinician": 25
        }
    },
    {
        "model": "dashboard.pathway",
        "pk": 65,
        "fields": {
            "patient": 65,
            "referral_date": "2023-01-24",
            "triage_date": "2023-02-15",
            "pathway_type": 1,
            "urgent": 0,
            "first_contact_date": "2023-05-01",
            "clinician": 7
        }
    },
    {
        "model": "dashboard.pathway",
        "pk": 66,
        "fields": {
            "patient": 66,
            "referral_date": "2023-02-10",
            "triage_date": "2023-03-09",
            "pathway_type": 2,
            "urgent": 0,
            "first_contact_date": "2023-11-05",
            "clinician": 30
        }
    },
    {
        "model": "dashboard.pathway",
        "pk": 67,
        "fields": {
            "patient": 67,
            "referral_date": "2023-02-27",
            "triage_date": "2023-03-26",
            "pathway_type": 1,
            "urgent": 0,
            "first_contact_date": "2023-05-25",
            "clinician": 9
        }
    },
    {
        "model": "dashboard.pathway",
        "pk": 68,
        "fields": {
            "patient": 68,
            "referral_date": "2023-03-16",
            "triage_date": "2023-04-06",
            "pathway_type": 1,
            "urgent": 1,
            "first_contact_date": "2023-04-16",
            "clinician": 35
        }
    },
    {
        "model": "dashboard.pathway",
        "pk": 69,
        "fields": {
            "patient": 69,
            "referral_date": "2023-04-02",
            "triage_date": "2023-05-04",
            "pathway_type": 1,
            "urgent": 0,
            "first_contact_date": "2024-01-12",
            "clinician": 30
        }
    },
    {
        "model": "dashboard.pathway",
        "pk": 70,
        "fields": {
            "patient": 70,
            "referral_date": "2023-04-19",
            "triage_date": "2023-05-17",
            "pathway_type": 2,
            "urgent": 0,
            "first_contact_date": "2024-01-12",
            "clinician": 9
        }
    },
    {
        "model": "dashboard.pathway",
        "pk": 71,
        "fields": {
            "patient": 71,
            "referral_date": "2023-05-06",
            "triage_date": "2023-05-31",
            "pathway_type": 2,
            "urgent": 0,
            "first_contact_date": "2024-04-24",
            "clinician": 32
        }
    },
    {
        "model": "dashboard.pathway",
        "pk": 72,
        "fields": {
            "patient": 72,
            "referral_date": "2023-05-23",
            "triage_date": "2023-06-20",
            "pathway_type": 1,
            "urgent": 0,
            "first_contact_date": "2024-02-14",
            "clinician": 7
        }
    },
    {
        "model": "dashboard.pathway",
        "pk": 73,
        "fields": {
            "patient": 73,
            "referral_date": "2023-06-09",
            "triage_date": "2023-07-01",
            "pathway_type": 1,
            "urgent": 1,
            "first_contact_date": "2023-07-11",
            "clinician": 1
        }
    },
    {
        "model": "dashboard.pathway",
        "pk": 74,
        "fields": {
            "patient": 74,
            "referral_date": "2023-06-26",
            "triage_date": "2023-07-26",
            "pathway_type": 2,
            "urgent": 0,
            "first_contact_date": "2023-12-13",
            "clinician": 31
        }
    },
    {
        "model": "dashboard.pathway",
        "pk": 75,
        "fields": {
            "patient": 75,
            "referral_date": "2023-07-13",
            "triage_date": "2023-08-16",
            "pathway_type": 1,
            "urgent": 0,
            "first_contact_date": "2024-01-07",
            "clinician": 7
        }
    },
    {
        "model": "dashboard.pathway",
        "pk": 76,
        "fields": {
            "patient": 76,
            "referral_date": "2023-07-30",
            "triage_date": "2023-08-28",
            "pathway_type": 2,
            "urgent": 0,
            "first_contact_date": "2024-08-21",
            "clinician": 1
        }
    },
    {
        "model": "dashboard.pathway",
        "pk": 77,
        "fields": {
            "patient": 77,
            "referral_date": "2023-08-16",
            "triage_date": "2023-09-06",
            "pathway_type": 2,
            "urgent": 0,
            "first_contact_date": "2024-02-04",
            "clinician": 21
        }
    },
    {
        "model": "dashboard.pathway",
        "pk": 78,
        "fields": {
            "patient": 78,
            "referral_date": "2023-09-02",
            "triage_date": "2023-09-24",
            "pathway_type": null,
            "urgent": 0,
            "first_contact_date": null,
            "clinician": null
        }
    },
    {
        "model": "dashboard.pathway",
        "pk": 79,
        "fields": {
            "patient": 79,
            "referral_date": "2023-09-19",
            "triage_date": "2023-10-14",
            "pathway_type": 1,
            "urgent": 0,
            "first_contact_date": "2024-08-06",
            "clinician": 40
        }
    },
    {
        "model": "dashboard.pathway",
        "pk": 80,
        "fields": {
            "patient": 80,
            "referral_date": "2023-10-06",
            "triage_date": "2023-11-02",
            "pathway_type": 1,
            "urgent": 1,
            "first_contact_date": "2024-01-31",
            "clinician": 7
        }
    },
    {
        "model": "dashboard.pathway",
        "pk": 81,
        "fields": {
            "patient": 81,
            "referral_date": "2023-10-23",
            "triage_date": "2023-11-19",
            "pathway_type": 1,
            "urgent": 1,
            "first_contact_date": "2023-11-29",
            "clinician": 10
        }
    },
    {
        "model": "dashboard.pathway",
        "pk": 82,
        "fields": {
            "patient": 82,
            "referral_date": "2023-11-09",
            "triage_date": "2023-12-05",
            "pathway_type": 1,
            "urgent": 0,
            "first_contact_date": "2024-08-18",
            "clinician": 5
        }
    },
    {
        "model": "dashboard.pathway",
        "pk": 83,
        "fields": {
            "patient": 83,
            "referral_date": "2023-11-26",
            "triage_date": "2023-12-27",
            "pathway_type": 2,
            "urgent": 0,
            "first_contact_date": "2024-02-25",
            "clinician": 11
        }
    },
    {
        "model": "dashboard.pathway",
        "pk": 84,
        "fields": {
            "patient": 84,
            "referral_date": "2023-12-13",
            "triage_date": "2024-01-10",
            "pathway_type": 2,
            "urgent": 1,
            "first_contact_date": "2024-04-09",
            "clinician": 39
        }
    },
    {
        "model": "dashboard.pathway",
        "pk": 85,
        "fields": {
            "patient": 85,
            "referral_date": "2023-12-30",
            "triage_date": "2024-01-19",
            "pathway_type": 1,
            "urgent": 0,
            "first_contact_date": "2025-02-08",
            "clinician": 6
        }
    },
    {
        "model": "dashboard.pathway",
        "pk": 86,
        "fields": {
            "patient": 86,
            "referral_date": "2024-01-16",
            "triage_date": "2024-02-11",
            "pathway_type": null,
            "urgent": 0,
            "first_contact_date": null,
            "clinician": null
        }
    },
    {
        "model": "dashboard.pathway",
        "pk": 87,
        "fields": {
            "patient": 87,
            "referral_date": "2024-02-02",
            "triage_date": "2024-03-06",
            "pathway_type": 2,
            "urgent": 0,
            "first_contact_date": "2024-05-05",
            "clinician": 30
        }
    },
    {
        "model": "dashboard.pathway",
        "pk": 88,
        "fields": {
            "patient": 88,
            "referral_date": "2024-02-19",
            "triage_date": "2024-03-14",
            "pathway_type": 2,
            "urgent": 0,
            "first_contact_date": "2025-04-30",
            "clinician": 23
        }
    },
    {
        "model": "dashboard.pathway",
        "pk": 89,
        "fields": {
            "patient": 89,
            "referral_date": "2024-03-07",
            "triage_date": "2024-04-06",
            "pathway_type": 2,
            "urgent": 1,
            "first_contact_date": "2024-05-10",
            "clinician": 6
        }
    },
    {
        "model": "dashboard.pathway",
        "pk": 90,
        "fields": {
            "patient": 90,
            "referral_date": "2024-03-24",
            "triage_date": "2024-04-23",
            "pathway_type": null,
            "urgent": 0,
            "first_contact_date": null,
            "clinician": null
        }
    },
    {
        "model": "dashboard.pathway",
        "pk": 91,
        "fields": {
            "patient": 91,
            "referral_date": "2024-04-10",
            "triage_date": "2024-05-08",
            "pathway_type": 1,
            "urgent": 0,
            "first_contact_date": "2024-09-11",
            "clinician": 12
        }
    },
    {
        "model": "dashboard.pathway",
        "pk": 92,
        "fields": {
            "patient": 92,
            "referral_date": "2024-04-27",
            "triage_date": "2024-05-21",
            "pathway_type": null,
            "urgent": 0,
            "first_contact_date": null,
            "clinician": null
        }
    },
    {
        "model": "dashboard.pathway",
        "pk": 93,
        "fields": {
            "patient": 93,
            "referral_date": "2024-05-14",
            "triage_date": "2024-06-10",
            "pathway_type": 2,
            "urgent": 1,
            "first_contact_date": "2024-09-08",
            "clinician": 3
        }
    },
    {
        "model": "dashboard.pathway",
        "pk": 94,
        "fields": {
            "patient": 94,
            "referral_date": "2024-05-31",
            "triage_date": "2024-06-28",
            "pathway_type": 1,
            "urgent": 0,
            "first_contact_date": "2025-02-06",
            "clinician": 7
        }
    },
    {
        "model": "dashboard.pathway",
        "pk": 95,
        "fields": {
            "patient": 95,
            "referral_date": "2024-06-17",
            "triage_date": "2024-07-12",
            "pathway_type": 2,
            "urgent": 1,
            "first_contact_date": "2024-08-14",
            "clinician": 8
        }
    },
    {
        "model": "dashboard.pathway",
        "pk": 96,
        "fields": {
            "patient": 96,
            "referral_date": "2024-07-04",
            "triage_date": "2024-08-03",
            "pathway_type": null,
            "urgent": 0,
            "first_contact_date": null,
            "clinician": null
        }
    },
    {
        "model": "dashboard.pathway",
        "pk": 97,
        "fields": {
            "patient": 97,
            "referral_date": "2024-07-21",
            "triage_date": "2024-08-14",
            "pathway_type": 2,
            "urgent": 1,
            "first_contact_date": "2024-08-24",
            "clinician": 6
        }
    },
    {
        "model": "dashboard.pathway",
        "pk": 98,
        "fields": {
            "patient": 98,
            "referral_date": "2024-08-07",
            "triage_date": "2024-09-05",
            "pathway_type": null,
            "urgent": 1,
            "first_contact_date": null,
            "clinician": null
        }
    },
    {
        "model": "dashboard.pathway",
        "pk": 99,
        "fields": {
            "patient": 99,
            "referral_date": "2024-08-24",
            "triage_date": "2024-09-21",
            "pathway_type": null,
            "urgent": 0,
            "first_contact_date": null,
            "clinician": null
        }
    },
    {
        "model": "dashboard.pathway",
        "pk": 100,
        "fields": {
            "patient": 100,
            "referral_date": "2024-09-10",
            "triage_date": "2024-10-07",
            "pathway_type": null,
            "urgent": 1,
            "first_contact_date": null,
            "clinician": null
        }
    }
]
